Distributor Item code,Company Dscription
Abreza Dk 600x300,KKWD 300x600-06 PLAIN IVORY-P
Abreza HL 600x300,KFE 240X060-80 BM-RE T'COTA(Q size PL)-P
Abreza LT 600x300,KFE 300X300-10 BM-RE COB STONE IV(PLU)-P
Aclin 600x600,KFE 240X060-80 FRENCH BLACK (R size)-P
Acton DC 600x600,KFE 400X400-06 BM-REC GREY (PLUS) -P
Adoks Beige 600x600,KFE 240X060-80 BM-RE T'COTA(R size PL)-P
Adoks Grey 600x600,KFE 300X300-10BM-RE BUBLE ST IVY (PLU)-P
Agates Bianco 600x300,KFE 300X300-08 BM 12 MM -REC SU IVORY -P
Agates Nero 600x300,KFE 300X300-10 BM-REC WHITE (COATED) -P
AGL Beige 600x300,KFE 300X300-10BM-RE BUBLE ST TCOT(PLU)-P

